{
    "resources": [
        {
            "name": "Component-dbg.js",
            "isDebug": true
        },
        {
            "name": "Component-preload.js",
            "merged": true
        },
        {
            "name": "Component.js"
        },
        {
            "name": "controller/historico-dbg.controller.js",
            "isDebug": true
        },
        {
            "name": "controller/historico.controller.js"
        },
        {
            "name": "css/style-dbg.css",
            "isDebug": true
        },
        {
            "name": "css/style.css"
        },
        {
            "name": "di.code-validation.core_issues.json"
        },
        {
            "name": "i18n/i18n.properties",
            "raw": "i18n/i18n.properties"
        },
        {
            "name": "index.html"
        },
        {
            "name": "localService/metadata.xml"
        },
        {
            "name": "manifest.json"
        },
        {
            "name": "model/formatter-dbg.js",
            "isDebug": true
        },
        {
            "name": "model/formatter.js"
        },
        {
            "name": "model/models-dbg.js",
            "isDebug": true
        },
        {
            "name": "model/models.js"
        },
        {
            "name": "neo-app.json"
        },
        {
            "name": "serviceBinding-dbg.js",
            "isDebug": true
        },
        {
            "name": "serviceBinding.js"
        },
        {
            "name": "tmp/Component-preload.js",
            "merged": true
        },
        {
            "name": "tmp/Component.js"
        },
        {
            "name": "tmp/controller/historico.controller.js"
        },
        {
            "name": "tmp/css/style.css"
        },
        {
            "name": "tmp/i18n/i18n.properties",
            "raw": "i18n/i18n.properties"
        },
        {
            "name": "tmp/index.html"
        },
        {
            "name": "tmp/localService/metadata.xml"
        },
        {
            "name": "tmp/manifest.json"
        },
        {
            "name": "tmp/model/formatter.js"
        },
        {
            "name": "tmp/model/models.js"
        },
        {
            "name": "tmp/serviceBinding.js"
        },
        {
            "name": "tmp/view/filtros.fragment.xml"
        },
        {
            "name": "tmp/view/historico.view.xml"
        },
        {
            "name": "tmp-dbg/Component.js"
        },
        {
            "name": "tmp-dbg/controller/historico.controller.js"
        },
        {
            "name": "tmp-dbg/css/style.css"
        },
        {
            "name": "tmp-dbg/model/formatter.js"
        },
        {
            "name": "tmp-dbg/model/models.js"
        },
        {
            "name": "tmp-dbg/serviceBinding.js"
        },
        {
            "name": "view/filtros.fragment.xml"
        },
        {
            "name": "view/historico.view.xml"
        }
    ]
}