{
  "Component-dbg.js": 1542336137908,
  "Component-preload.js": 1542336137928,
  "Component.js": 1542328896000,
  "controller/historico-dbg.controller.js": 1542336137908,
  "controller/historico.controller.js": 1542328896000,
  "css/style-dbg.css": 1542336137908,
  "css/style.css": 1542336137648,
  "di.code-validation.core_issues.json": 1542336137438,
  "i18n/i18n.properties": 1542328896000,
  "index.html": 1542328896000,
  "localService/metadata.xml": 1542328896000,
  "manifest-bundle.zip": 1542336138088,
  "manifest.json": 1542336137548,
  "model/formatter-dbg.js": 1542336137908,
  "model/formatter.js": 1542328896000,
  "model/models-dbg.js": 1542336137908,
  "model/models.js": 1542328896000,
  "neo-app.json": 1542336137948,
  "resources.json": 1542336137958,
  "serviceBinding-dbg.js": 1542336137908,
  "serviceBinding.js": 1542328896000,
  "view/filtros.fragment.xml": 1542328896000,
  "view/historico.view.xml": 1542328896000
}